{
  "1342866797958926368_769225445803032617": {
    "balance": 679,
    "last_daily": 1773863209.589761,
    "last_work": 1773863259.2180724,
    "wins": 0,
    "losses": 0
  }
}